{
    "config": {
        "seed": 0,
        "cuda": 0,
        "num_workers": 2,
        "dataset": "twitter2017",
        "encoder_t": "bert-base-uncased",
        "encoder_v": "resnet101",
        "stacked": false,
        "rnn": false,
        "crf": false,
        "aux": false,
        "gate": true,
        "bs": 16,
        "lr": 1e-05,
        "num_epochs": 10,
        "optim": "Adam"
    },
    "dev_f1s": [
        0.7905352986811481,
        0.8253968253968255,
        0.8484162895927602,
        0.8407212622088656,
        0.8467261904761905,
        0.8419475655430713,
        0.849518161601186,
        0.8613974799541808,
        0.8491201797079746,
        0.8496829541215964
    ],
    "test_f1s": [
        0.8007561436672969,
        0.8376383763837639,
        0.8501845018450184,
        0.8542124542124542,
        0.8464337700145561,
        0.858085808580858,
        0.8441558441558441,
        0.857994781960492,
        0.8539162112932603,
        0.8513562386980109
    ],
    "ner_losses": [
        5.333854624445404,
        2.0106687952556883,
        1.3313142600076457,
        0.8955490344084834,
        0.6048880147778593,
        0.4267641350238527,
        0.29273812608766897,
        0.21972319868644832,
        0.1497139617076841,
        0.10109783289512682
    ],
    "itr_losses": []
}